,Train MAE,Test MAE,Val MAE,Epoch,Model
0,63.33380275494942,12.828403526464516,12.070991424504172,1,MPNNModel
1,12.84189220157172,4.383089721130073,4.289409795418162,2,MPNNModel
2,3.728379463550698,1.6859038615546966,1.5743527023369455,3,MPNNModel
3,2.6092212586733536,1.6859038615546966,3.7601780953078436,4,MPNNModel
4,3.105717042200073,1.6859038615546966,4.678732403980687,5,MPNNModel
5,2.4043310430636997,1.6859038615546966,3.560663947918145,6,MPNNModel
6,3.6470084991750324,1.6859038615546966,3.613080683893758,7,MPNNModel
7,2.667539199933944,1.3429571320285727,1.2424720549231092,8,MPNNModel
8,4.144901481911463,1.3429571320285727,3.0570382044233124,9,MPNNModel
9,5.384954274406819,1.3429571320285727,5.2380363647573684,10,MPNNModel
10,3.6612655795255065,1.3429571320285727,6.241215116284751,11,MPNNModel
11,7.617689368510543,1.3429571320285727,3.5927505437376466,12,MPNNModel
12,3.361237576082784,1.3429571320285727,1.3866376154528464,13,MPNNModel
13,3.733339747929155,1.3429571320285727,2.630756149444674,14,MPNNModel
14,2.102986925737757,1.3429571320285727,1.4154568997216341,15,MPNNModel
15,2.197413706455613,1.3429571320285727,1.3837826643964928,16,MPNNModel
16,2.103717202005596,1.3429571320285727,1.3157203582120058,17,MPNNModel
17,2.1484777590916293,1.3429571320285727,1.431768309747057,18,MPNNModel
18,2.9745388187102053,1.2567915289102165,1.1762613414103174,19,MPNNModel
19,3.745444070161227,1.2567915289102165,1.5715909161297559,20,MPNNModel
20,3.0817186469019466,1.2567915289102165,4.172712453774044,21,MPNNModel
21,2.2230922234903825,1.2567915289102165,2.109851483200571,22,MPNNModel
22,2.0627017213616243,1.2567915289102165,3.869971751873129,23,MPNNModel
23,2.0386720644393965,1.2567915289102165,2.6987586039040474,24,MPNNModel
24,2.7615726158302967,1.2567915289102165,1.2355209528078586,25,MPNNModel
25,4.240487507057687,1.176748391036149,1.1195465201521155,26,MPNNModel
26,1.8580379552269524,1.176748391036149,1.145401571331353,27,MPNNModel
27,2.529528014280656,1.176748391036149,2.735318870380007,28,MPNNModel
28,2.838246022538351,1.176748391036149,3.161757712880966,29,MPNNModel
29,3.0460026379144507,1.176748391036149,1.499478813903085,30,MPNNModel
30,3.976739203171074,1.176748391036149,3.10065703116027,31,MPNNModel
31,3.1309426874369546,1.176748391036149,1.1280230343929065,32,MPNNModel
32,2.040387492856978,1.176748391036149,1.6826954871562902,33,MPNNModel
33,1.7548218625187968,1.176748391036149,1.1285305218449955,34,MPNNModel
34,2.267479046291884,1.176748391036149,2.9697948758825294,35,MPNNModel
35,2.9496653551476166,1.176748391036149,5.906027461507637,36,MPNNModel
36,3.144570839092491,1.176748391036149,1.7527792602043433,37,MPNNModel
37,3.785923979968148,1.176748391036149,2.955916326327864,38,MPNNModel
38,2.420497808989671,1.176748391036149,1.188841806623736,39,MPNNModel
39,2.1798803593814515,1.0042841195769072,0.9532690547369971,40,MPNNModel
40,1.5645351167953592,1.0042841195769072,1.3835950424812111,41,MPNNModel
41,1.7061986878403668,1.0042841195769072,1.7615646609825453,42,MPNNModel
42,1.9431608952328863,1.0042841195769072,1.321120703602072,43,MPNNModel
43,2.6103493282531716,1.0042841195769072,1.327489272861058,44,MPNNModel
44,1.6444237428222894,1.0042841195769072,2.6265469736653597,45,MPNNModel
45,2.4017318994432917,0.9934956953930185,0.9472498719034523,46,MPNNModel
46,2.271203158468907,0.9934956953930185,1.0374566994130319,47,MPNNModel
47,2.556851616008947,0.9934956953930185,1.0954278164309235,48,MPNNModel
48,1.573900430438982,0.9934956953930185,0.9979573395011461,49,MPNNModel
49,1.5491351273420995,0.9934956953930185,1.2075583002543802,50,MPNNModel
50,1.7147828361148651,0.9934956953930185,1.0101427821983844,51,MPNNModel
51,1.9454315102339506,0.9934956953930185,2.9523845614470874,52,MPNNModel
52,1.7918861289194572,0.9934956953930185,1.4037872561680271,53,MPNNModel
53,1.528676723430289,0.9934956953930185,1.081170761746726,54,MPNNModel
54,1.5129081801467363,0.9934956953930185,1.8298717958880175,55,MPNNModel
55,1.5213721890506766,0.9934956953930185,1.132868178812741,56,MPNNModel
56,1.6088163892327656,0.9934956953930185,1.46936387425573,57,MPNNModel
57,1.6088895629959035,0.9934956953930185,1.222370601639959,58,MPNNModel
58,1.4990385188496784,0.9934956953930185,0.9632167021922877,59,MPNNModel
59,2.8522531860267506,0.9934956953930185,3.6761050535540276,60,MPNNModel
60,2.502419948747346,0.9934956953930185,2.084850834361438,61,MPNNModel
61,1.8532680980196272,0.9921477077499269,0.9249851626568827,62,MPNNModel
62,1.8242380559077254,0.9921477077499269,0.9779273702446463,63,MPNNModel
63,1.568906655829018,1.0275736695680864,0.9180655382536902,64,MPNNModel
64,2.2195078332622624,1.0275736695680864,1.9183888686407964,65,MPNNModel
65,1.4909814577064249,1.0275736695680864,1.0330960105352214,66,MPNNModel
66,3.1988145061492768,1.0275736695680864,4.635398057881247,67,MPNNModel
67,2.643156712926257,1.0275736695680864,2.8981567004631303,68,MPNNModel
68,1.8658486839117285,1.0275736695680864,3.260588019058622,69,MPNNModel
69,2.6035792163679563,1.0275736695680864,1.135708317821249,70,MPNNModel
70,1.4852543720380331,1.0275736695680864,1.6032911003223194,71,MPNNModel
71,1.2958675258966668,0.9267667720096597,0.7978041838542581,72,MPNNModel
72,1.2890765290184243,0.8848635605621687,0.7764530611302465,73,MPNNModel
73,1.6004734124886522,0.8848635605621687,0.9961760035289332,74,MPNNModel
74,1.315942401174986,0.8848635605621687,0.9448880300733257,75,MPNNModel
75,1.0790521596642095,0.7616856150574737,0.7657330933903238,76,MPNNModel
76,1.1362970497649234,0.7616856150574737,2.000859824160637,77,MPNNModel
77,2.185246812979054,0.7616856150574737,1.2743508776126824,78,MPNNModel
78,2.1193473450551195,0.7616856150574737,1.1175573405080241,79,MPNNModel
79,1.5742454356895654,0.7616856150574737,1.899279958215253,80,MPNNModel
80,1.4557739306618451,0.7616856150574737,0.7775267022730682,81,MPNNModel
81,1.1875451721864145,0.7616856150574737,1.706298360683648,82,MPNNModel
82,1.4395965638083128,0.7616856150574737,2.730558016030072,83,MPNNModel
83,1.364496365154247,0.7616856150574737,1.1691260547767133,84,MPNNModel
84,1.5303093197032789,0.7616856150574737,2.0991337990819527,85,MPNNModel
85,1.7663105766442955,0.7616856150574737,1.0834747070602595,86,MPNNModel
86,1.8337624625578968,0.7616856150574737,0.910532855928825,87,MPNNModel
87,1.2270888247547924,0.7320293265239077,0.7176743436035852,88,MPNNModel
88,1.1029351301205288,0.7320293265239077,0.8155773182954694,89,MPNNModel
89,1.340585842439112,0.7320293265239077,1.6286893912724085,90,MPNNModel
90,1.7235705669297932,0.7320293265239077,1.1571053552803734,91,MPNNModel
91,1.5894202347653603,0.7320293265239077,1.7190552113091417,92,MPNNModel
92,1.285632012721167,0.7320293265239077,2.126724503310443,93,MPNNModel
93,2.0089673940989665,0.7320293265239077,0.96418666039488,94,MPNNModel
94,1.1313301700962755,0.7320293265239077,1.1458297267629596,95,MPNNModel
95,1.1176824593144823,0.7320293265239077,1.3507087694600297,96,MPNNModel
96,1.4819793995382133,0.7320293265239077,1.6407380651664265,97,MPNNModel
97,2.456983182944688,0.7320293265239077,1.284293208363021,98,MPNNModel
98,1.2948794078815606,0.7320293265239077,1.3833405507609176,99,MPNNModel
99,2.0048718820098754,0.7320293265239077,2.7135281812381273,100,MPNNModel
100,1.6903056027698697,0.7320293265239077,1.2362346634488974,101,MPNNModel
101,1.3175581060038077,0.7320293265239077,2.22669348781332,102,MPNNModel
102,1.372152930205325,0.7320293265239077,1.6719112817583413,103,MPNNModel
103,1.1968649763139083,0.7320293265239077,1.2300627859942432,104,MPNNModel
104,1.2305424279594963,0.8185932125727918,0.7162930799528883,105,MPNNModel
105,1.1592507876598181,0.8185932125727918,1.661806710247923,106,MPNNModel
106,0.9327550597654815,0.8185932125727918,0.7597871861727954,107,MPNNModel
107,1.1999152011073722,0.8185932125727918,1.574287686588729,108,MPNNModel
108,1.188959686408919,0.8185932125727918,0.7449229071880209,109,MPNNModel
109,1.1434527011377855,0.8185932125727918,1.146882227635736,110,MPNNModel
110,1.0127565726211825,0.8185932125727918,0.837554601245913,111,MPNNModel
111,1.1879666154747268,0.8185932125727918,0.9397895499109634,112,MPNNModel
112,1.1328145054642236,0.8185932125727918,0.8946224782854465,113,MPNNModel
113,0.9811207805175461,0.8185932125727918,0.8259004084347504,114,MPNNModel
114,1.216014791930236,0.8185932125727918,0.9972757755829196,115,MPNNModel
115,0.9767847118351701,0.749243499158503,0.7060113640254354,116,MPNNModel
116,1.1216821478283474,0.749243499158503,1.6523251750786316,117,MPNNModel
117,1.1317080523829912,0.749243499158503,0.789805120802278,118,MPNNModel
118,0.9133983833767984,0.749243499158503,0.8944796080072525,119,MPNNModel
119,0.9903336076624604,0.749243499158503,0.9531455685205648,120,MPNNModel
120,1.6010436779739845,0.749243499158503,1.9569688644902459,121,MPNNModel
121,1.088090379888498,0.749243499158503,1.0487180518105699,122,MPNNModel
122,0.9037735919226705,0.749243499158503,1.1783122126692034,123,MPNNModel
123,1.3535722100401428,0.749243499158503,1.03650382836464,124,MPNNModel
124,1.0426449954811006,0.749243499158503,1.3996112555118616,125,MPNNModel
125,1.0597512902166206,0.749243499158503,1.6855241615196754,126,MPNNModel
126,1.2537475609135391,0.749243499158503,0.7764149462354595,127,MPNNModel
127,1.191328480983304,0.749243499158503,0.9246299349028488,128,MPNNModel
128,0.8403751367435055,0.749243499158503,0.7127866887400303,129,MPNNModel
129,1.1428539298228828,0.749243499158503,0.76257122744774,130,MPNNModel
130,1.0882141803362004,0.749243499158503,1.8124642558579374,131,MPNNModel
131,1.197259661645201,0.6545105433871603,0.6507032186233351,132,MPNNModel
132,1.211138566228342,0.6545105433871603,1.0388226197124115,133,MPNNModel
133,1.0253573173483181,0.6545105433871603,1.3409225284466015,134,MPNNModel
134,1.168627770821492,0.6545105433871603,0.7943133596569446,135,MPNNModel
135,0.8800823768296903,0.6545105433871603,0.8113135131709094,136,MPNNModel
136,1.1973286357616628,0.6545105433871603,1.7610380809588972,137,MPNNModel
137,0.9473574928924043,0.6545105433871603,1.773252922325886,138,MPNNModel
138,1.036295061041028,0.6545105433871603,1.2155140955459895,139,MPNNModel
139,1.0042413021787198,0.6545105433871603,1.130189819142149,140,MPNNModel
140,1.0895587653086434,0.6545105433871603,0.7361550768607943,141,MPNNModel
141,0.9747659063766662,0.6545105433871603,0.886834246257843,142,MPNNModel
142,1.1669761214168164,0.6545105433871603,0.7816217667950786,143,MPNNModel
143,1.0902973309999544,0.6545105433871603,0.9402457650365501,144,MPNNModel
144,1.177003356004247,0.6545105433871603,0.7750487377490903,145,MPNNModel
145,0.895901978006485,0.6545105433871603,0.74214638108984,146,MPNNModel
146,0.894876765858372,0.6545105433871603,0.7107226433131495,147,MPNNModel
147,0.8905767839330762,0.6545105433871603,0.7854373734719647,148,MPNNModel
148,0.8598512004777881,0.6820571136561943,0.5945294870825236,149,MPNNModel
149,0.9880698249720788,0.6820571136561943,1.0574038982244547,150,MPNNModel
150,1.0164570629248366,0.6820571136561943,0.6167944407668607,151,MPNNModel
151,0.8517292523493305,0.6820571136561943,0.6543689263718468,152,MPNNModel
152,0.9646131426373697,0.6820571136561943,0.9863819319185952,153,MPNNModel
153,1.1373879828642866,0.6820571136561943,0.9548562111085271,154,MPNNModel
154,1.1397296164418411,0.6820571136561943,1.3444188331148308,155,MPNNModel
155,0.9937817900313752,0.6820571136561943,0.9887349651805286,156,MPNNModel
156,1.0031787956510367,0.6820571136561943,0.8337363401804064,157,MPNNModel
157,1.1033067881044214,0.6820571136561943,0.9236136556699358,158,MPNNModel
158,1.0116580717560992,0.6820571136561943,0.6026913259416965,159,MPNNModel
159,0.9879680197304072,0.6820571136561943,1.3129700388520809,160,MPNNModel
160,1.1794705123881408,0.6820571136561943,0.758557530459512,161,MPNNModel
161,1.0365522858929321,0.6820571136561943,0.6716432029684188,162,MPNNModel
162,1.2369125426436955,0.6820571136561943,1.6623570428693235,163,MPNNModel
163,1.0605687431542723,0.6820571136561943,0.8341283184554189,164,MPNNModel
164,0.8799651894942597,0.6820571136561943,0.6896780139119755,165,MPNNModel
165,0.9549764873122476,0.6820571136561943,1.0951433099549392,166,MPNNModel
166,0.8748349646099596,0.6820571136561943,0.7412622676694335,167,MPNNModel
167,0.7922564195082136,0.6820571136561943,0.6063655795428553,168,MPNNModel
168,0.7909143563695964,0.6532071877966871,0.5799740922128038,169,MPNNModel
169,0.8555217936665616,0.6532071877966871,0.7686085764116841,170,MPNNModel
170,0.9342497545779175,0.6532071877966871,0.6340351678027308,171,MPNNModel
171,0.8747483104387367,0.6532071877966871,0.6766255796689705,172,MPNNModel
172,0.780578018355155,0.6532071877966871,0.9014560368847965,173,MPNNModel
173,0.8196392594459327,0.6532071877966871,0.9426017045387494,174,MPNNModel
174,0.926860093223109,0.6532071877966871,0.748392101799326,175,MPNNModel
175,1.001919314710097,0.6532071877966871,1.0288801569803594,176,MPNNModel
176,1.1574584942089214,0.6532071877966871,0.7871875755598979,177,MPNNModel
177,0.8819817120035458,0.6532071877966871,0.8627255460605245,178,MPNNModel
178,0.8971354627548999,0.6532071877966871,0.6554300489977662,179,MPNNModel
179,0.8659593597056835,0.6532071877966871,0.6359360198962865,180,MPNNModel
180,0.745620066742821,0.6532071877966871,0.8117614751085273,181,MPNNModel
181,0.8882486600292895,0.6532071877966871,1.0101989675037966,182,MPNNModel
182,0.8536232938097658,0.6532071877966871,0.5879217880259594,183,MPNNModel
183,0.898198473149426,0.6532071877966871,0.6843658080095141,184,MPNNModel
184,0.8607624082641755,0.6532071877966871,1.4851720692782566,185,MPNNModel
185,1.0405855841159142,0.6532071877966871,0.7240308077611359,186,MPNNModel
186,0.774837587497713,0.6532071877966871,0.9202902824273838,187,MPNNModel
187,0.7404828030028213,0.6532071877966871,0.5948379316500255,188,MPNNModel
188,0.8329821511328719,0.6532071877966871,1.0750209840354075,189,MPNNModel
189,0.8888666920706364,0.6532071877966871,1.0186136047094327,190,MPNNModel
190,0.7521049411323959,0.6532071877966871,0.7364410915838674,191,MPNNModel
191,0.8099052236649196,0.6532071877966871,0.7200909866194419,192,MPNNModel
192,0.786193450853697,0.6532071877966871,0.5807728300540905,193,MPNNModel
193,0.8347766994723888,0.6532071877966871,0.7470451117002318,194,MPNNModel
194,0.7725744196220402,0.6532071877966871,0.5833168023912777,195,MPNNModel
195,0.787994521909972,0.6229449493471665,0.5580008352918578,196,MPNNModel
196,0.6767566409688711,0.6229449493471665,0.6614516726121527,197,MPNNModel
197,0.7902391482267574,0.6229449493471665,0.5801239788825876,198,MPNNModel
198,0.6817107732554707,0.5810686578753521,0.548913574204069,199,MPNNModel
199,0.7400771950521169,0.5810686578753521,0.8549308238798762,200,MPNNModel
200,0.83432624243933,0.5810686578753521,0.8372049420484768,201,MPNNModel
201,0.7531818658410043,0.5810686578753521,0.7165357971866729,202,MPNNModel
202,0.7532706726568982,0.5810686578753521,0.7095838111316042,203,MPNNModel
203,0.7595758799730065,0.5810686578753521,0.6902685737962206,204,MPNNModel
204,0.7956615996302407,0.5810686578753521,1.0622607914391409,205,MPNNModel
205,0.7498256272660332,0.5810686578753521,0.6748055387013064,206,MPNNModel
206,0.7487108020388182,0.5810686578753521,0.6393696861754498,207,MPNNModel
207,0.7736414309183279,0.5810686578753521,0.7863110810371455,208,MPNNModel
208,0.77549990823325,0.5810686578753521,0.7780904577577056,209,MPNNModel
209,0.761255702081214,0.5810686578753521,0.6753475430416943,210,MPNNModel
210,0.7531007024946605,0.5810686578753521,0.6593575647165035,211,MPNNModel
211,0.7729415932249221,0.5810686578753521,0.5873194578392752,212,MPNNModel
212,0.6901985535010062,0.5810686578753521,0.7081369066179679,213,MPNNModel
213,0.715777287135247,0.5810686578753521,0.5664668071446161,214,MPNNModel
214,0.7105534184771755,0.5810686578753521,0.6839035115218515,215,MPNNModel
215,0.9873454657574059,0.5810686578753521,1.031111267253096,216,MPNNModel
216,0.8052545278167634,0.5971485728236491,0.5319500668295498,217,MPNNModel
217,0.7251015430123033,0.5971485728236491,0.8192050741077057,218,MPNNModel
218,0.853928978838376,0.5971485728236491,0.7056762643635567,219,MPNNModel
219,0.7495536324942476,0.5971485728236491,0.6645995200120757,220,MPNNModel
220,0.7916717321278454,0.5971485728236491,0.791230230349038,221,MPNNModel
221,0.7548886706169663,0.5971485728236491,0.6972668079907084,222,MPNNModel
222,0.7173950879461976,0.5971485728236491,0.5873592211107902,223,MPNNModel
223,0.7861118670926616,0.5971485728236491,0.8070304812909347,224,MPNNModel
224,0.7119400524788041,0.5971485728236491,0.8633658814019171,225,MPNNModel
225,0.7144165857720198,0.5971485728236491,0.5906431392349046,226,MPNNModel
226,0.7152522684433433,0.5971485728236491,0.5876479849145917,227,MPNNModel
227,0.723857560531164,0.5971485728236491,0.6799326966255169,228,MPNNModel
228,0.7579986258877565,0.5971485728236491,0.5670036645652038,229,MPNNModel
229,0.7342405065675235,0.5971485728236491,0.7018785953815347,230,MPNNModel
230,0.7364409441604111,0.5971485728236491,0.6526491308006747,231,MPNNModel
231,0.7124074097211431,0.5971485728236491,0.5549166277417996,232,MPNNModel
232,0.6899763601846067,0.5971485728236491,0.6728645910330007,233,MPNNModel
233,0.7971274667894496,0.5971485728236491,0.6652469169623746,234,MPNNModel
234,0.6923134231516543,0.5971485728236491,0.6328353872293322,235,MPNNModel
235,0.6909202270232149,0.5971485728236491,0.5742663054043436,236,MPNNModel
236,0.8021238470619803,0.5971485728236491,0.710809007140216,237,MPNNModel
237,0.6934466413780517,0.5971485728236491,0.5453420937648548,238,MPNNModel
238,0.6865174588368527,0.5971485728236491,0.562483091586329,239,MPNNModel
239,0.7051165981082588,0.5971485728236491,0.5483359158626331,240,MPNNModel
240,0.7858453326184985,0.5971485728236491,0.5514305893129903,241,MPNNModel
241,0.7175158018693787,0.5707602387382871,0.5279970136035252,242,MPNNModel
242,0.6743496162238759,0.5707602387382871,0.5920793808299333,243,MPNNModel
243,0.6627404605715295,0.5707602387382871,0.5533137573617433,244,MPNNModel
244,0.685495995944229,0.5707602387382871,0.6193449578702156,245,MPNNModel
245,0.7032907167386339,0.5707602387382871,0.8352162038604615,246,MPNNModel
246,0.7666326058342113,0.5707602387382871,0.6144087169264337,247,MPNNModel
247,0.6700640107016488,0.5707602387382871,0.5366575900336792,248,MPNNModel
248,0.6385756746944216,0.5707602387382871,0.6908584309769381,249,MPNNModel
249,0.6630632573724866,0.5707602387382871,0.7610055717635037,250,MPNNModel
250,0.752062277137866,0.5707602387382871,0.5745024628973947,251,MPNNModel
251,0.6427873982682346,0.5707602387382871,0.6647053684653907,252,MPNNModel
252,0.7856888252023159,0.5707602387382871,0.5977610741636435,253,MPNNModel
253,0.7106321039094008,0.5707602387382871,0.541543951469102,254,MPNNModel
254,0.6717109060074703,0.5707602387382871,0.570777772682641,255,MPNNModel
255,0.7254925612645623,0.5707602387382871,0.6809031554484015,256,MPNNModel
256,0.7133055301266925,0.5707602387382871,0.8443285491078946,257,MPNNModel
257,0.7908081128084722,0.5707602387382871,0.5375887885175902,258,MPNNModel
258,0.633378251956323,0.5707602387382871,0.6818195437562877,259,MPNNModel
259,0.7348386363298892,0.5707602387382871,0.665196045719344,260,MPNNModel
260,0.7178904359712738,0.5707602387382871,0.546559304292566,261,MPNNModel
261,0.6196077959154515,0.5707602387382871,0.7859919730372029,262,MPNNModel
262,0.6823046878509811,0.5707602387382871,0.5713902014523304,263,MPNNModel
263,0.7168135954962392,0.5707602387382871,0.5411737537002329,264,MPNNModel
264,0.6580043863937615,0.5707602387382871,0.6514439702474425,265,MPNNModel
265,0.6559756220121403,0.5707602387382871,0.751757960381179,266,MPNNModel
266,0.6683871065943261,0.5707602387382871,0.5482445055334438,267,MPNNModel
267,0.8485151711816642,0.5707602387382871,0.5402971227914829,268,MPNNModel
268,0.6794142775429385,0.5707602387382871,0.6931717095557105,269,MPNNModel
269,0.6601830207845871,0.5707602387382871,0.5450435761600879,270,MPNNModel
270,0.6477409610485055,0.5707602387382871,0.6386282731012758,271,MPNNModel
271,0.6689992716971063,0.5707602387382871,0.5766185078714868,272,MPNNModel
272,0.640908511055719,0.5707602387382871,0.5946870664951249,273,MPNNModel
273,0.6454263526697405,0.5707602387382871,0.699792558850326,274,MPNNModel
274,0.6673449968401054,0.5707602387382871,0.541978403852491,275,MPNNModel
275,0.651352332758124,0.5707602387382871,0.616935431663626,276,MPNNModel
276,0.6696369657771054,0.5707602387382871,0.5480203176366871,277,MPNNModel
277,0.6294196615040613,0.6061843912752848,0.518020210741776,278,MPNNModel
278,0.6598605712317607,0.6061843912752848,0.5439885933631159,279,MPNNModel
279,0.6196191387612604,0.6061843912752848,0.6073578027962464,280,MPNNModel
280,0.6371765119819313,0.6061843912752848,0.5384441581118871,281,MPNNModel
281,0.6702834689547488,0.6061843912752848,0.6962514527765988,282,MPNNModel
282,0.6879506052820777,0.6061843912752848,0.5700309824180133,283,MPNNModel
283,0.6221748919749482,0.6061843912752848,0.5824279630272259,284,MPNNModel
284,0.6518732424766,0.6061843912752848,0.5376177117815746,285,MPNNModel
285,0.635931735250777,0.6061843912752848,0.5678800613128493,286,MPNNModel
286,0.6674808836241239,0.6061843912752848,0.5260003641834987,287,MPNNModel
287,0.6372777596033687,0.6061843912752848,0.6905590783933113,288,MPNNModel
288,0.6652363453727069,0.6061843912752848,0.6388960662733745,289,MPNNModel
289,0.6326067766492127,0.6061843912752848,0.5309823701901389,290,MPNNModel
290,0.6408159686262772,0.6061843912752848,0.7303738246116732,291,MPNNModel
291,0.6368612295463552,0.6061843912752848,0.5796018313304544,292,MPNNModel
292,0.6688797334192903,0.6061843912752848,0.6040060904812931,293,MPNNModel
293,0.6884033581295805,0.6061843912752848,0.5772451246019654,294,MPNNModel
294,0.6817615569165073,0.6061843912752848,0.7267406913887691,295,MPNNModel
295,0.6657448784940861,0.6061843912752848,0.5400150918901847,296,MPNNModel
296,0.6340652192454262,0.6061843912752848,0.528885901304595,297,MPNNModel
297,0.6491075212206816,0.6061843912752848,0.5784297819648471,298,MPNNModel
298,0.6252762869417037,0.5617048964541183,0.49292004346994345,299,MPNNModel
299,0.6136294759067384,0.5617048964541183,0.5437673611447141,300,MPNNModel
300,0.6105188817289501,0.5617048964541183,0.515896372423677,301,MPNNModel
301,0.6347669067258161,0.5617048964541183,0.5256799843364162,302,MPNNModel
302,0.6354728340302348,0.5617048964541183,0.5551768467931325,303,MPNNModel
303,0.6118307458556032,0.5617048964541183,0.5353013643710484,304,MPNNModel
304,0.6032333270414353,0.5617048964541183,0.506864809784396,305,MPNNModel
305,0.6463811088466961,0.5617048964541183,0.631796210490424,306,MPNNModel
306,0.67385705269413,0.5617048964541183,0.6155544568605611,307,MPNNModel
307,0.6431311251399379,0.5617048964541183,0.6963299616363835,308,MPNNModel
308,0.6194129805535883,0.5617048964541183,0.5482689912242843,309,MPNNModel
309,0.6383817491467728,0.5617048964541183,0.5197946003138139,310,MPNNModel
310,0.6831438144346188,0.5617048964541183,0.524368997718313,311,MPNNModel
311,0.5939829278624918,0.5617048964541183,0.5068192255908045,312,MPNNModel
312,0.6238599779707168,0.5617048964541183,0.536917037527843,313,MPNNModel
313,0.628704900755511,0.5617048964541183,0.5118778740317363,314,MPNNModel
314,0.6184414201599221,0.5617048964541183,0.5001179326711029,315,MPNNModel
315,0.5927489682163527,0.5617048964541183,0.5628731576679963,316,MPNNModel
316,0.6248475966568788,0.5617048964541183,0.6048928555009401,317,MPNNModel
317,0.6640304437398797,0.5617048964541183,0.5753019212795596,318,MPNNModel
318,0.6374040895579005,0.5617048964541183,0.5808597639423286,319,MPNNModel
319,0.6575167638781775,0.5617048964541183,0.5713856549098574,320,MPNNModel
320,0.6099263700173941,0.5617048964541183,0.6354707623350209,321,MPNNModel
321,0.6301222507930295,0.5617048964541183,0.5373388674532251,322,MPNNModel
322,0.6580523674690673,0.5617048964541183,0.5081472640187282,323,MPNNModel
323,0.6002246409141515,0.5617048964541183,0.5061726857141908,324,MPNNModel
324,0.5981694295439858,0.5617048964541183,0.5153153834892024,325,MPNNModel
325,0.6142470143856623,0.5617048964541183,0.4995756669731563,326,MPNNModel
326,0.6183584820149051,0.5617048964541183,0.5744050324256784,327,MPNNModel
327,0.6259860715638629,0.5617048964541183,0.5437210503910562,328,MPNNModel
328,0.617891749171468,0.5617048964541183,0.5800604187502649,329,MPNNModel
329,0.6274771623618228,0.5617048964541183,0.5188053145344034,330,MPNNModel
330,0.6062653012240673,0.5617048964541183,0.5168703972852876,331,MPNNModel
331,0.6327162589945512,0.5617048964541183,0.5774714916650885,332,MPNNModel
332,0.6323421734888733,0.5617048964541183,0.6116469161851066,333,MPNNModel
333,0.6053476849733569,0.5617048964541183,0.5028893489922796,334,MPNNModel
334,0.6041808529424358,0.5617048964541183,0.523317956094965,335,MPNNModel
335,0.622457901140917,0.5617048964541183,0.5732017108078661,336,MPNNModel
336,0.6498599797134207,0.5617048964541183,0.5051076049214513,337,MPNNModel
337,0.5934937623623818,0.5617048964541183,0.498049578092662,338,MPNNModel
338,0.5853314568760685,0.5617048964541183,0.4936165766322554,339,MPNNModel
339,0.5885070943047209,0.5464294545889192,0.4795902118894267,340,MPNNModel
340,0.5758543097093535,0.5464294545889192,0.4990122419566356,341,MPNNModel
341,0.6033928994271187,0.5464294545889192,0.5585737461086564,342,MPNNModel
342,0.6150967932236061,0.5464294545889192,0.4948206756429132,343,MPNNModel
343,0.5835566401735827,0.5464294545889192,0.5387831171378127,344,MPNNModel
344,0.6215208238795402,0.5464294545889192,0.5882702944020333,345,MPNNModel
345,0.638831140409053,0.5464294545889192,0.49484347963127595,346,MPNNModel
346,0.5985049064352207,0.5464294545889192,0.508632578175937,347,MPNNModel
347,0.5982212519602383,0.5464294545889192,0.4976903948510809,348,MPNNModel
348,0.6164128798441268,0.5464294545889192,0.5719682173482303,349,MPNNModel
349,0.5870480098170403,0.5464294545889192,0.5235351585035254,350,MPNNModel
350,0.6068284498762132,0.5464294545889192,0.5180592725209414,351,MPNNModel
351,0.6144970228106768,0.5464294545889192,0.5164336158797659,352,MPNNModel
352,0.6203203813345431,0.5464294545889192,0.5169652489752605,353,MPNNModel
353,0.6228597290076043,0.5464294545889192,0.4966593254082309,354,MPNNModel
354,0.6403984796085773,0.5464294545889192,0.5101693219372204,355,MPNNModel
355,0.600569616136459,0.5464294545889192,0.5049951434722675,356,MPNNModel
356,0.6178415461496763,0.5464294545889192,0.5054911065644818,357,MPNNModel
357,0.5850002881456675,0.5464294545889192,0.5017789503550295,358,MPNNModel
358,0.6176695528941365,0.5464294545889192,0.5625102416488338,359,MPNNModel
359,0.5932250810147763,0.5464294545889192,0.5014086403136183,360,MPNNModel
360,0.5961137893988498,0.5464294545889192,0.49308790064650804,361,MPNNModel
361,0.6034406978802326,0.5464294545889192,0.49597225191411126,362,MPNNModel
362,0.5934512981766303,0.5464294545889192,0.5102173097688576,363,MPNNModel
363,0.6328358419640824,0.5464294545889192,0.6255442900904293,364,MPNNModel
364,0.6026456029922396,0.5464294545889192,0.5101876434287415,365,MPNNModel
365,0.5871459122960779,0.5464294545889192,0.49395817543925913,366,MPNNModel
366,0.6205634999201772,0.5464294545889192,0.4975843517284088,367,MPNNModel
367,0.6013301796840466,0.5464294545889192,0.49735150020110785,368,MPNNModel
368,0.6016017424139511,0.5464294545889192,0.5169348706459177,369,MPNNModel
369,0.5926815275896633,0.5464294545889192,0.4973210000566074,370,MPNNModel
370,0.5918928494038805,0.5464294545889192,0.5142224692725783,371,MPNNModel
371,0.5858845194403621,0.5464294545889192,0.49267924477901365,372,MPNNModel
372,0.5815555605677853,0.5464294545889192,0.4952888651728043,373,MPNNModel
373,0.5870946360847017,0.5464294545889192,0.4994260786202154,374,MPNNModel
374,0.6148966156208691,0.5464294545889192,0.5257897189098039,375,MPNNModel
375,0.6014908207873186,0.5464294545889192,0.48389358102834873,376,MPNNModel
376,0.5709241077838172,0.5464294545889192,0.49263095429965426,377,MPNNModel
377,0.5628099445764948,0.5464294545889192,0.5061486593901817,378,MPNNModel
378,0.6056548295578785,0.5464294545889192,0.4881994917695158,379,MPNNModel
379,0.5833740639114169,0.5464294545889192,0.5424230604850012,380,MPNNModel
380,0.5793571664322573,0.5464294545889192,0.5626916803162674,381,MPNNModel
381,0.5918962019697935,0.5464294545889192,0.611757429876351,382,MPNNModel
382,0.5846072160798478,0.5464294545889192,0.5003763216689889,383,MPNNModel
383,0.5948107100468905,0.5464294545889192,0.5138295209906959,384,MPNNModel
384,0.5953663846616439,0.5464294545889192,0.5093752143932093,385,MPNNModel
385,0.5948574850390146,0.5464294545889192,0.5033389719322398,386,MPNNModel
386,0.5882589577489358,0.5464294545889192,0.5054664595667364,387,MPNNModel
387,0.5802841024401817,0.5464294545889192,0.4876290681620537,388,MPNNModel
388,0.5967820114461266,0.5464294545889192,0.60506594122337,389,MPNNModel
389,0.5855708662611748,0.5464294545889192,0.4969564927328984,390,MPNNModel
390,0.5725995023900949,0.5464294545889192,0.4872435733602552,391,MPNNModel
391,0.5795039882725439,0.5464294545889192,0.5097759128571144,392,MPNNModel
392,0.593391864315026,0.5464294545889192,0.5629415339583834,393,MPNNModel
393,0.6233010237824388,0.5464294545889192,0.48953393674249135,394,MPNNModel
394,0.6161219368866319,0.5464294545889192,0.534954377583095,395,MPNNModel
395,0.6033250810909452,0.5464294545889192,0.4956537124705432,396,MPNNModel
396,0.636034977735454,0.5464294545889192,0.505579237794054,397,MPNNModel
397,0.5926062954279921,0.5464294545889192,0.518808086407302,398,MPNNModel
398,0.5927297558415993,0.5464294545889192,0.4979482649875979,399,MPNNModel
399,0.5845886427556672,0.5464294545889192,0.4872005243092922,400,MPNNModel
400,0.5818256185416681,0.5464294545889192,0.5216157173581899,401,MPNNModel
401,0.593970891819654,0.5464294545889192,0.5006283671764905,402,MPNNModel
402,0.6142335071408943,0.5464294545889192,0.519353462924511,403,MPNNModel
403,0.5841271424958198,0.5464294545889192,0.4858666068594444,404,MPNNModel
404,0.6120192573860799,0.5464294545889192,0.4999863606294975,405,MPNNModel
405,0.5954458116543574,0.5464294545889192,0.50958914122558,406,MPNNModel
406,0.5959551888390789,0.5464294545889192,0.5015270927269471,407,MPNNModel
407,0.5924879940383488,0.5464294545889192,0.5076050777814071,408,MPNNModel
408,0.585333608739317,0.5464294545889192,0.48879331387028907,409,MPNNModel
409,0.5851834644602479,0.5464294545889192,0.4873487634465025,410,MPNNModel
410,0.611673563309255,0.5464294545889192,0.49355251239291553,411,MPNNModel
411,0.6010646033232443,0.5464294545889192,0.4936048669988299,412,MPNNModel
412,0.6013005530922696,0.5464294545889192,0.5054099776694927,413,MPNNModel
413,0.5883511761893331,0.5464294545889192,0.5136375920158889,414,MPNNModel
414,0.5867967606249851,0.5464294545889192,0.49500862112626653,415,MPNNModel
415,0.598201303309013,0.5464294545889192,0.4811697909837873,416,MPNNModel
416,0.5771378455305529,0.5464294545889192,0.4927185058520345,417,MPNNModel
417,0.5799481185281696,0.5464294545889192,0.5082773710853361,418,MPNNModel
418,0.5954112221262237,0.5464294545889192,0.5341909488874116,419,MPNNModel
419,0.5870831864193856,0.5464294545889192,0.5009304315879427,420,MPNNModel
420,0.5985014414103783,0.5464294545889192,0.4873338249957033,421,MPNNModel
421,0.603776545193952,0.5464294545889192,0.5373460901121201,422,MPNNModel
422,0.5728103443450638,0.5464294545889192,0.5251844900435415,423,MPNNModel
423,0.5999314254766165,0.5464294545889192,0.5134519105180732,424,MPNNModel
424,0.6043817714725206,0.5464294545889192,0.4925536048309556,425,MPNNModel
425,0.577221592108873,0.5464294545889192,0.4937040890966143,426,MPNNModel
426,0.6081982803860654,0.5464294545889192,0.49491224966466135,427,MPNNModel
427,0.5769622911869905,0.5464294545889192,0.4991234689950943,428,MPNNModel
428,0.5932127703254849,0.5464294545889192,0.5160638095049436,429,MPNNModel
429,0.6585595981239839,0.5464294545889192,0.5689958471970018,430,MPNNModel
430,0.6331300545578563,0.5464294545889192,0.49524819560972927,431,MPNNModel
431,0.583868115537823,0.5464294545889192,0.48689314212851925,432,MPNNModel
432,0.5973228950190556,0.5464294545889192,0.4873693648890909,433,MPNNModel
433,0.5908009741397063,0.5464294545889192,0.5104456242963011,434,MPNNModel
434,0.5743760550790367,0.5448862335329673,0.4794344995262588,435,MPNNModel
435,0.584296812262322,0.5448862335329673,0.487166300342588,436,MPNNModel
436,0.5743403484369036,0.5448862335329673,0.5001567555178562,437,MPNNModel
437,0.5741418154342087,0.5448862335329673,0.49769602954534475,438,MPNNModel
438,0.5781351182815155,0.5448862335329673,0.4996215461436751,439,MPNNModel
439,0.5947918898685343,0.5448862335329673,0.4924181693880429,440,MPNNModel
440,0.5746640579769385,0.5448862335329673,0.48236103851366513,441,MPNNModel
441,0.5743112849541475,0.5448862335329673,0.4881767710955272,442,MPNNModel
442,0.5927781961602898,0.5448862335329673,0.4887693172017929,443,MPNNModel
443,0.5825633237550579,0.5448862335329673,0.4882242753367706,444,MPNNModel
444,0.5758448126539765,0.5448862335329673,0.4819629787297672,445,MPNNModel
445,0.5760965917540132,0.5448862335329673,0.49174381465894246,446,MPNNModel
446,0.5820183344332458,0.5448862335329673,0.4838913817857874,447,MPNNModel
447,0.5681358621199913,0.5448862335329673,0.4940099922453829,448,MPNNModel
448,0.5948199749962637,0.5448862335329673,0.48857318327344695,449,MPNNModel
449,0.5975858922385808,0.5448862335329673,0.4880651921914716,450,MPNNModel
450,0.5759998028584518,0.5448862335329673,0.4820825745319498,451,MPNNModel
451,0.6088945673288204,0.5448862335329673,0.5007276820945622,452,MPNNModel
452,0.5826747607203799,0.5448862335329673,0.49500592357566203,453,MPNNModel
453,0.5799029482105788,0.5448862335329673,0.48918911862402714,454,MPNNModel
454,0.5812388913756843,0.5332477600364894,0.4746723340576505,455,MPNNModel
455,0.5687759381262466,0.5332477600364894,0.4969696288038357,456,MPNNModel
456,0.5879540376811208,0.5332477600364894,0.4962178646710706,457,MPNNModel
457,0.5765761861424935,0.5332477600364894,0.4996328900013064,458,MPNNModel
458,0.594183815126264,0.5332477600364894,0.492981395991565,459,MPNNModel
459,0.5739832034402503,0.5332477600364894,0.5050305579536654,460,MPNNModel
460,0.5575961065629406,0.5332477600364894,0.4927342466899914,461,MPNNModel
461,0.5828917653211164,0.5332477600364894,0.49869755883081796,462,MPNNModel
462,0.5793686293911696,0.5332477600364894,0.4883627203738161,463,MPNNModel
463,0.5879582056801874,0.5332477600364894,0.5197805096142984,464,MPNNModel
464,0.577824594863989,0.5332477600364894,0.4781120002563364,465,MPNNModel
465,0.5635552458327409,0.5332477600364894,0.4833822715385207,466,MPNNModel
466,0.5753015488211982,0.5332477600364894,0.48172118859778484,467,MPNNModel
467,0.5989084383959719,0.5332477600364894,0.4938008899759189,468,MPNNModel
468,0.5692415816432548,0.5332477600364894,0.4979742169380188,469,MPNNModel
469,0.6033688346425649,0.5332477600364894,0.5009626071588159,470,MPNNModel
470,0.5794074530050551,0.5332477600364894,0.48517800562927876,471,MPNNModel
471,0.5848324714424749,0.5332477600364894,0.5047560171981164,472,MPNNModel
472,0.5734412211120421,0.5332477600364894,0.48425765346570554,473,MPNNModel
473,0.5725123786404693,0.5332477600364894,0.4887407813312972,474,MPNNModel
474,0.5658443431787592,0.5332477600364894,0.5204644501209259,475,MPNNModel
475,0.5922578965821098,0.5332477600364894,0.502890581017351,476,MPNNModel
476,0.6105028943576023,0.5332477600364894,0.4938495032158978,477,MPNNModel
477,0.6064144166898735,0.5332477600364894,0.5102905417457589,478,MPNNModel
478,0.5883376603159666,0.5332477600364894,0.4909348016962629,479,MPNNModel
479,0.5683680871871387,0.5332477600364894,0.5028958936850426,480,MPNNModel
480,0.5965095086414806,0.5332477600364894,0.48841863000774616,481,MPNNModel
481,0.5856820085172574,0.5332477600364894,0.4805521986681252,482,MPNNModel
482,0.5838598810822416,0.5332477600364894,0.48866362234788574,483,MPNNModel
483,0.5747012212705394,0.5332477600364894,0.5051724592893582,484,MPNNModel
484,0.5760177273007295,0.5332477600364894,0.4958620089395293,485,MPNNModel
485,0.5772414662660609,0.5332477600364894,0.5031736913719788,486,MPNNModel
486,0.5817680250758565,0.5332477600364894,0.4809792573595869,487,MPNNModel
487,0.5775227284115123,0.5332477600364894,0.4927630881076963,488,MPNNModel
488,0.5836452026913995,0.5332477600364894,0.478694792084506,489,MPNNModel
489,0.6019598737587354,0.5332477600364894,0.49236833175708505,490,MPNNModel
490,0.5702310180121775,0.5332477600364894,0.49620026034381004,491,MPNNModel
491,0.5785926194707659,0.5332477600364894,0.4788343036556479,492,MPNNModel
492,0.576139388420894,0.5332477600364894,0.4941897714152712,493,MPNNModel
493,0.5896894185911364,0.5332477600364894,0.5015743739646057,494,MPNNModel
494,0.5809623235879285,0.5332477600364894,0.48639541097315664,495,MPNNModel
495,0.5664806225828566,0.5332477600364894,0.5043840773880776,496,MPNNModel
496,0.5743802411685037,0.5332477600364894,0.48883546991594906,497,MPNNModel
497,0.5752064245390376,0.5332477600364894,0.5231854698340881,498,MPNNModel
498,0.5687768025489389,0.5332477600364894,0.48707748087022107,499,MPNNModel
499,0.5882118261739778,0.5332477600364894,0.49186483161349603,500,MPNNModel
500,0.567135360559719,0.5332477600364894,0.48012309462712904,501,MPNNModel
501,0.5771511422667038,0.5332477600364894,0.4888851657656613,502,MPNNModel
502,0.6032430621670464,0.5331196345397986,0.4726398513455109,503,MPNNModel
503,0.5763967931317673,0.5331196345397986,0.501818900955428,504,MPNNModel
504,0.5856647793338341,0.5331196345397986,0.4847472285108613,505,MPNNModel
505,0.5783877255810774,0.5331196345397986,0.4823617123324296,506,MPNNModel
506,0.5805971317006182,0.5331196345397986,0.4945787662282366,507,MPNNModel
507,0.5575204708201119,0.5331196345397986,0.4991677614121601,508,MPNNModel
508,0.5714520413085495,0.5331196345397986,0.4877207707888974,509,MPNNModel
509,0.5988745923960045,0.5331196345397986,0.4954809391219628,510,MPNNModel
510,0.5955344068083298,0.5331196345397986,0.4861797153068881,511,MPNNModel
511,0.5720721574882971,0.5331196345397986,0.49741750265577156,512,MPNNModel
512,0.5738180721753243,0.5331196345397986,0.4878660945102499,513,MPNNModel
513,0.5837639243592209,0.5331196345397986,0.5040524634234423,514,MPNNModel
514,0.5756577158817803,0.5331196345397986,0.4923990158538513,515,MPNNModel
515,0.6026113991384502,0.5331196345397986,0.488011615249911,516,MPNNModel
516,0.5571274489206719,0.5331196345397986,0.4838597704771117,517,MPNNModel
517,0.5820072509161275,0.5331196345397986,0.5007179851455642,518,MPNNModel
518,0.5633859654405712,0.5331196345397986,0.4940528280555908,519,MPNNModel
519,0.5854195248994043,0.5331196345397986,0.4951034407016679,520,MPNNModel
520,0.5900365654523293,0.5331196345397986,0.48132430332634835,521,MPNNModel
521,0.5704748929864968,0.5331196345397986,0.4791094365671938,522,MPNNModel
522,0.6014091369053554,0.5331196345397986,0.4870158840576416,523,MPNNModel
523,0.5705577271458399,0.5331196345397986,0.5023461587249939,524,MPNNModel
524,0.6068738488304806,0.5331196345397986,0.49938972316352015,525,MPNNModel
525,0.5933816990163574,0.5331196345397986,0.4910912199560645,526,MPNNModel
526,0.5822890901043976,0.5331196345397986,0.5004764505354642,527,MPNNModel
527,0.5715229450630136,0.5331196345397986,0.4921732011980611,528,MPNNModel
528,0.5957475319196406,0.5331196345397986,0.4921581633939532,529,MPNNModel
529,0.5845763647448977,0.5331196345397986,0.5042201098917153,530,MPNNModel
530,0.5745250918094702,0.5331196345397986,0.5141838636671381,531,MPNNModel
531,0.5772123988385337,0.5331196345397986,0.49213792258882755,532,MPNNModel
532,0.6032041881749498,0.5331196345397986,0.4961265386105171,533,MPNNModel
533,0.5900930092950847,0.5331196345397986,0.4866791483510304,534,MPNNModel
534,0.5895511299404671,0.5331196345397986,0.5148819307681962,535,MPNNModel
535,0.5819093953036072,0.5331196345397986,0.49587759181049657,536,MPNNModel
536,0.6029936074928129,0.5331196345397986,0.48992915319398117,537,MPNNModel
537,0.565020880033913,0.5331196345397986,0.4921394424338646,538,MPNNModel
538,0.5797918991791357,0.5331196345397986,0.4819091009389003,539,MPNNModel
539,0.5859981400059817,0.5331196345397986,0.4949095123653929,540,MPNNModel
540,0.5874233704629319,0.5331196345397986,0.49844177599464146,541,MPNNModel
541,0.5923060490949104,0.5331196345397986,0.5080357854956477,542,MPNNModel
542,0.5758941790312316,0.5331196345397986,0.5000815327678408,543,MPNNModel
543,0.5701149670721098,0.5331196345397986,0.4969375498335937,544,MPNNModel
544,0.5828881381040425,0.5331196345397986,0.5077524120217474,545,MPNNModel
545,0.5927491666647029,0.5331196345397986,0.48600270566094683,546,MPNNModel
546,0.5802128374849596,0.5331196345397986,0.49096689879747446,547,MPNNModel
547,0.5753501274869672,0.5331196345397986,0.508270564704693,548,MPNNModel
548,0.5740201903300872,0.5268471935839006,0.47089444412826903,549,MPNNModel
549,0.5773148523548582,0.5268471935839006,0.48152041725190403,550,MPNNModel
550,0.5866866522378745,0.5268471935839006,0.5039321913434367,551,MPNNModel
551,0.5895962278729197,0.5268471935839006,0.4894752278189941,552,MPNNModel
552,0.571140800493435,0.5268471935839006,0.48512782020668677,553,MPNNModel
553,0.5710323576282464,0.5268471935839006,0.4918121396394199,554,MPNNModel
554,0.5876295368708323,0.5268471935839006,0.4975858114182655,555,MPNNModel
555,0.5699478946126029,0.5268471935839006,0.47829845279748806,556,MPNNModel
556,0.5901795037831011,0.5268471935839006,0.47572942845193034,557,MPNNModel
557,0.5703063001236895,0.5268471935839006,0.48955560145266536,558,MPNNModel
558,0.5778116803516842,0.5268471935839006,0.48330300554559735,559,MPNNModel
559,0.5849324312279376,0.5268471935839006,0.4853604049077762,560,MPNNModel
560,0.5691411646832939,0.5268471935839006,0.4906260120898045,561,MPNNModel
561,0.5729388658365091,0.5268471935839006,0.5023774858839406,562,MPNNModel
562,0.5676183928256727,0.5268471935839006,0.49100670757992515,563,MPNNModel
563,0.5938741323592406,0.5268471935839006,0.48163618940144337,564,MPNNModel
564,0.5695283787686609,0.5268471935839006,0.48669921353532763,565,MPNNModel
565,0.5652336530955816,0.5268471935839006,0.4835421714950078,566,MPNNModel
566,0.574135433293466,0.5268471935839006,0.4950937197493215,567,MPNNModel
567,0.5727617929537626,0.5268471935839006,0.48438797560818675,568,MPNNModel
568,0.5856796886764268,0.5268471935839006,0.4914615161973855,569,MPNNModel
569,0.5847942726417394,0.5268471935839006,0.48593840237908764,570,MPNNModel
570,0.5704155252821881,0.5268471935839006,0.48889811799444,571,MPNNModel
571,0.5735699157779993,0.5268471935839006,0.4766898842280721,572,MPNNModel
572,0.5657406704974879,0.5268471935839006,0.48502581948276813,573,MPNNModel
573,0.5608417857476573,0.5268471935839006,0.48255150812893666,574,MPNNModel
574,0.550270425074851,0.5268471935839006,0.4863925013195705,575,MPNNModel
575,0.5834140212186384,0.5268471935839006,0.4786581190055227,576,MPNNModel
576,0.5570119691250958,0.5268471935839006,0.4868812487997445,577,MPNNModel
577,0.5658420592786538,0.5268471935839006,0.48470418206576643,578,MPNNModel
578,0.5749908481196305,0.5268471935839006,0.499520815321671,579,MPNNModel
579,0.5863420995485724,0.5268471935839006,0.49590916579286454,580,MPNNModel
580,0.5789707926302192,0.5268471935839006,0.4852816966073266,581,MPNNModel
581,0.5777205533748592,0.5268471935839006,0.480798468764486,582,MPNNModel
582,0.5889068760967541,0.5268471935839006,0.48089228181416177,583,MPNNModel
583,0.5536836282447359,0.5268471935839006,0.47724116663333815,584,MPNNModel
584,0.5691947403008331,0.5268471935839006,0.49640431956117376,585,MPNNModel
585,0.5964127424283533,0.5268471935839006,0.4943705311256089,586,MPNNModel
586,0.5755762269906082,0.5268471935839006,0.49547824685649916,587,MPNNModel
587,0.5677676235607046,0.5268471935839006,0.4881670866987388,588,MPNNModel
588,0.5635570083828527,0.5268471935839006,0.47958100788992614,589,MPNNModel
589,0.5888493705503824,0.5268471935839006,0.4942826383513183,590,MPNNModel
590,0.5966304450158616,0.5268471935839006,0.5179681686198183,591,MPNNModel
591,0.5977085693679777,0.5268471935839006,0.4941300252094645,592,MPNNModel
592,0.5769845886905316,0.5268471935839006,0.4789076215527915,593,MPNNModel
593,0.5684266721697672,0.5268471935839006,0.4810411626188626,594,MPNNModel
594,0.5993959776665283,0.5268471935839006,0.4778819452292226,595,MPNNModel
595,0.5712190454811342,0.5268471935839006,0.48699955803713774,596,MPNNModel
596,0.5910276117397888,0.5268471935839006,0.5064390391992231,597,MPNNModel
597,0.5907999997106214,0.5268471935839006,0.4859888824115833,598,MPNNModel
598,0.5778241833226787,0.5268471935839006,0.4966628824915792,599,MPNNModel
599,0.5618288703692353,0.5268471935839006,0.47897054394477695,600,MPNNModel
600,0.5807000687385581,0.5268471935839006,0.48072832041039254,601,MPNNModel
601,0.5633178062488675,0.5268471935839006,0.47511815165944876,602,MPNNModel
602,0.5737169797274385,0.5268471935839006,0.4859358716407433,603,MPNNModel
603,0.5798800710751686,0.5268471935839006,0.4809922496673509,604,MPNNModel
604,0.5684166747827776,0.5268471935839006,0.4898388811520168,605,MPNNModel
605,0.5997973810325319,0.5268471935839006,0.49502495837769483,606,MPNNModel
606,0.5823768513629343,0.5268471935839006,0.4771026640469805,607,MPNNModel
607,0.5639074437898062,0.5268471935839006,0.48093078971789976,608,MPNNModel
608,0.5743056403302672,0.5268471935839006,0.5094025358557701,609,MPNNModel
609,0.5713516623511395,0.5268471935839006,0.4980204632790218,610,MPNNModel
610,0.5652831159031912,0.5268471935839006,0.4857309928228115,611,MPNNModel
611,0.6049297055707048,0.5268471935839006,0.4847244009228763,612,MPNNModel
612,0.6203432444420081,0.5268471935839006,0.4767147262621983,613,MPNNModel
613,0.5905340782011729,0.5268471935839006,0.4955556046933376,614,MPNNModel
614,0.5584181759137524,0.5268471935839006,0.48021482111051167,615,MPNNModel
615,0.5903655477485994,0.5268471935839006,0.4813896383484596,616,MPNNModel
616,0.5666395815895775,0.5268471935839006,0.48965704874158494,617,MPNNModel
617,0.5720612896296523,0.5268471935839006,0.4804326244469347,618,MPNNModel
618,0.5664603444773371,0.5268471935839006,0.4806346816602599,619,MPNNModel
619,0.5668235600625446,0.5268471935839006,0.4912592605343593,620,MPNNModel
620,0.5673069557040586,0.5268471935839006,0.48100696269220905,621,MPNNModel
621,0.5673850087678144,0.5268471935839006,0.4727192345290936,622,MPNNModel
622,0.5711366762963916,0.5268471935839006,0.498605433502808,623,MPNNModel
623,0.5779876426683748,0.5268471935839006,0.5136066579760001,624,MPNNModel
624,0.5787573775593995,0.5268471935839006,0.49309586623472534,625,MPNNModel
625,0.5748328037113963,0.5268471935839006,0.4963528735590686,626,MPNNModel
626,0.5799490730215674,0.5268471935839006,0.480129868342665,627,MPNNModel
627,0.5563686835132228,0.5268471935839006,0.49050169151845235,628,MPNNModel
628,0.5447172044512032,0.5268471935839006,0.4935623256884185,629,MPNNModel
629,0.5730108321042559,0.5268471935839006,0.5091565308239072,630,MPNNModel
630,0.576715753727512,0.5268471935839006,0.4779812573212121,631,MPNNModel
631,0.5856600233896934,0.5268471935839006,0.488986539356227,632,MPNNModel
632,0.5614279068875814,0.5268471935839006,0.48817527811662315,633,MPNNModel
633,0.5707113548696672,0.5268471935839006,0.4840885412516852,634,MPNNModel
634,0.5749467480871806,0.5268471935839006,0.48978608714535904,635,MPNNModel
635,0.5618738253060872,0.5268471935839006,0.4841721288749737,636,MPNNModel
636,0.5732457694369382,0.5268471935839006,0.4857834011976942,637,MPNNModel
637,0.594700208232407,0.5268471935839006,0.4832671010508913,638,MPNNModel
638,0.572026588828845,0.5268471935839006,0.4903747725662927,639,MPNNModel
639,0.5777000851530238,0.5268471935839006,0.4919079569319786,640,MPNNModel
640,0.5636270763871795,0.5268471935839006,0.4779603440186073,641,MPNNModel
641,0.5985792314454553,0.5268471935839006,0.4855818865921697,642,MPNNModel
642,0.5650289829939844,0.5268471935839006,0.4743727145010027,643,MPNNModel
643,0.5710730576398455,0.5268471935839006,0.5005931366473583,644,MPNNModel
644,0.5976016308680998,0.5268471935839006,0.4855598224134281,645,MPNNModel
645,0.578927596105706,0.5268471935839006,0.47414361553385925,646,MPNNModel
646,0.5719521241134574,0.5268471935839006,0.49438042784559316,647,MPNNModel
647,0.5688621914512907,0.5268471935839006,0.49191988850462026,648,MPNNModel
648,0.5990397274268218,0.5268471935839006,0.4813172156954634,649,MPNNModel
649,0.5805798190367992,0.5268471935839006,0.47877375264032723,650,MPNNModel
650,0.5565782157829862,0.5268471935839006,0.4838511878119901,651,MPNNModel
651,0.5654458410130577,0.5268471935839006,0.4786736134971891,652,MPNNModel
652,0.5810273609169285,0.5268471935839006,0.5154225645320756,653,MPNNModel
653,0.5624900961859948,0.5268471935839006,0.4753302964450691,654,MPNNModel
654,0.5771984617266868,0.5268471935839006,0.4808263931735396,655,MPNNModel
655,0.5959370222499898,0.5268471935839006,0.4871043707129403,656,MPNNModel
656,0.587743475602487,0.5268471935839006,0.501742440161153,657,MPNNModel
657,0.5729025655345619,0.5268471935839006,0.48339599594840865,658,MPNNModel
658,0.5762886098447597,0.5268471935839006,0.48009430198687053,659,MPNNModel
659,0.5786889115181642,0.5268471935839006,0.49117748131012096,660,MPNNModel
660,0.5740789710119651,0.5268471935839006,0.4905414550101816,661,MPNNModel
661,0.5765746346752972,0.5268471935839006,0.48087847607182754,662,MPNNModel
662,0.5822536510947455,0.5268471935839006,0.49850490355286103,663,MPNNModel
663,0.5829550004169248,0.5268471935839006,0.48309163844644143,664,MPNNModel
664,0.569178165563417,0.5268471935839006,0.4796068129941748,665,MPNNModel
665,0.5807346885444579,0.5268471935839006,0.4993966701876354,666,MPNNModel
666,0.5694410544429566,0.5268471935839006,0.4811806893847846,667,MPNNModel
667,0.59902429008273,0.5268471935839006,0.47812200411053124,668,MPNNModel
668,0.605788813681799,0.5268471935839006,0.500424922833889,669,MPNNModel
669,0.5669927948638926,0.5268471935839006,0.48217560692226946,670,MPNNModel
670,0.575987516143766,0.5268471935839006,0.4820941306760746,671,MPNNModel
671,0.5722295146966843,0.5268471935839006,0.47694026935717154,672,MPNNModel
672,0.5685019037806768,0.5268471935839006,0.48464917589731404,673,MPNNModel
673,0.5996909402563869,0.5268471935839006,0.5169037780518015,674,MPNNModel
674,0.5824221296815807,0.5268471935839006,0.4875193041533672,675,MPNNModel
675,0.5743781390056059,0.5268471935839006,0.5054866904255204,676,MPNNModel
676,0.5751969004398536,0.5268471935839006,0.48183851010106465,677,MPNNModel
677,0.5717542567979553,0.5268471935839006,0.47864652894841037,678,MPNNModel
678,0.5824300596836788,0.5268471935839006,0.4933346116117069,679,MPNNModel
679,0.5880167116826602,0.5268471935839006,0.5059685620841722,680,MPNNModel
680,0.5883894793852832,0.5268471935839006,0.49811576684854303,681,MPNNModel
681,0.5609766568613738,0.5268471935839006,0.4780858522785708,682,MPNNModel
682,0.566256498399833,0.5268471935839006,0.491357646478808,683,MPNNModel
683,0.5682273201751513,0.5268471935839006,0.48904617200490874,684,MPNNModel
684,0.5797772478565864,0.5268471935839006,0.47795154609410045,685,MPNNModel
685,0.5674124276434673,0.5268471935839006,0.48492213819414526,686,MPNNModel
686,0.5749081771646023,0.5268471935839006,0.4835947380203919,687,MPNNModel
687,0.5704367091504718,0.5268471935839006,0.4929365717938968,688,MPNNModel
688,0.5787546474764912,0.5268471935839006,0.49021156029454593,689,MPNNModel
689,0.5722307246399047,0.5268471935839006,0.4952116277564335,690,MPNNModel
690,0.5883980323929034,0.5268471935839006,0.4818813698779186,691,MPNNModel
691,0.5856522206511849,0.5268471935839006,0.4910347435274735,692,MPNNModel
692,0.589805708246347,0.5268471935839006,0.4781298186685064,693,MPNNModel
693,0.588966850015417,0.5268471935839006,0.4910203376647287,694,MPNNModel
694,0.5761434272263517,0.5268471935839006,0.4801496400181296,695,MPNNModel
695,0.5865254961536726,0.5268471935839006,0.49264287023708736,696,MPNNModel
696,0.5986884222496104,0.5268471935839006,0.5017526351245754,697,MPNNModel
697,0.5752450339113663,0.5268471935839006,0.490890679064349,698,MPNNModel
698,0.5906681492889385,0.5268471935839006,0.48052778645542454,699,MPNNModel
699,0.5783063482473745,0.5268471935839006,0.48365578404054266,700,MPNNModel
700,0.5727776548267823,0.5268471935839006,0.4959332245617665,701,MPNNModel
701,0.5782097177640312,0.5268471935839006,0.49838302959802705,702,MPNNModel
702,0.5895438375932085,0.5268471935839006,0.4848919170977447,703,MPNNModel
703,0.5947780535790126,0.5268471935839006,0.5037308504502175,704,MPNNModel
704,0.5724780917628985,0.5268471935839006,0.48556139525668374,705,MPNNModel
705,0.5745735746897938,0.5268471935839006,0.48732710655393274,706,MPNNModel
706,0.5775484286802977,0.5268471935839006,0.49621863872400057,707,MPNNModel
707,0.5737496827181963,0.5268471935839006,0.4932356018371183,708,MPNNModel
708,0.5438128895498606,0.5268471935839006,0.49028499273977844,709,MPNNModel
709,0.5834052077101938,0.5268471935839006,0.4742324951981089,710,MPNNModel
710,0.5765289417273097,0.5268471935839006,0.5013926740497204,711,MPNNModel
711,0.5582111720610636,0.5268471935839006,0.5016840279762969,712,MPNNModel
712,0.5723327129933341,0.5268471935839006,0.479010508675587,713,MPNNModel
713,0.5977706887384592,0.5268471935839006,0.4858574358920746,714,MPNNModel
714,0.5799472775528582,0.5268471935839006,0.48484377148262975,715,MPNNModel
715,0.5788429530993248,0.5268471935839006,0.4783657568282095,716,MPNNModel
716,0.57076129139816,0.5268471935839006,0.5058277538183875,717,MPNNModel
717,0.5648472718794451,0.5268471935839006,0.47674745284571435,718,MPNNModel
718,0.5942551271739569,0.5268471935839006,0.47822556171217573,719,MPNNModel
719,0.5805327022617941,0.5268471935839006,0.479508104729535,720,MPNNModel
720,0.594925456769356,0.5268471935839006,0.4983213002164963,721,MPNNModel
721,0.5984635042355272,0.5268471935839006,0.4826079955315355,722,MPNNModel
722,0.5923035337337101,0.5268471935839006,0.4803118244033729,723,MPNNModel
723,0.5646316575657566,0.5268471935839006,0.4954685126545981,724,MPNNModel
724,0.597513617177161,0.5268471935839006,0.5032806001199878,725,MPNNModel
725,0.5589743687951759,0.5268471935839006,0.49547088949991563,726,MPNNModel
726,0.5848784137724926,0.5268471935839006,0.4768309504380954,727,MPNNModel
727,0.5477243156921542,0.5268471935839006,0.49164872099026086,728,MPNNModel
728,0.5863474937218509,0.5268471935839006,0.4738818955759109,729,MPNNModel
729,0.5912422919853324,0.5268471935839006,0.4761363586842133,730,MPNNModel
730,0.5555066250969573,0.5268471935839006,0.4972846685665582,731,MPNNModel
731,0.5773794142212504,0.5268471935839006,0.4853416248935784,732,MPNNModel
732,0.5958028965803368,0.5268471935839006,0.48670885774302364,733,MPNNModel
733,0.5865305481109926,0.5268471935839006,0.4921366946744214,734,MPNNModel
734,0.5847026973873344,0.5268471935839006,0.5005732316321927,735,MPNNModel
735,0.5749037357806557,0.5268471935839006,0.4872865045966186,736,MPNNModel
736,0.5778936731308826,0.5268471935839006,0.48126488769876546,737,MPNNModel
737,0.5621693315729676,0.5268471935839006,0.4992542341718533,738,MPNNModel
738,0.585345976434788,0.5268471935839006,0.48523080789396916,739,MPNNModel
739,0.5516730097350945,0.5268471935839006,0.4989285323346777,740,MPNNModel
740,0.5646408604908999,0.5268471935839006,0.5052180102673071,741,MPNNModel
741,0.5747271718957793,0.5268471935839006,0.49176330780014027,742,MPNNModel
742,0.5791961130862777,0.5268471935839006,0.4996048752310241,743,MPNNModel
743,0.591378550622874,0.5268471935839006,0.4864579708925609,744,MPNNModel
744,0.5947448905987529,0.5268471935839006,0.4994816756233793,745,MPNNModel
745,0.5892530772814422,0.5268471935839006,0.49088786703906034,746,MPNNModel
746,0.5664037555865702,0.5268471935839006,0.4814152531509329,747,MPNNModel
747,0.5526795557627575,0.5268471935839006,0.4829559511151807,748,MPNNModel
748,0.5846475447792706,0.5268471935839006,0.48816135059583365,749,MPNNModel
749,0.5703388455777989,0.5268471935839006,0.4866250619072045,750,MPNNModel
750,0.5596522592647138,0.5268471935839006,0.510210910233958,751,MPNNModel
751,0.5730360615283575,0.5268471935839006,0.4852885767597283,752,MPNNModel
752,0.5732623854014494,0.5268471935839006,0.4982747031843721,753,MPNNModel
753,0.5684441615574508,0.5268471935839006,0.4893442394551385,754,MPNNModel
754,0.58156999748402,0.5268471935839006,0.49114850875485705,755,MPNNModel
755,0.5728133681439578,0.5268471935839006,0.4971820128154872,756,MPNNModel
756,0.5681079225251318,0.5268471935839006,0.4841589081316746,757,MPNNModel
757,0.5641111069108954,0.5268471935839006,0.4887924178920943,758,MPNNModel
758,0.5768648588794835,0.5268471935839006,0.4753131769560828,759,MPNNModel
759,0.557115246995029,0.5268471935839006,0.482075619359909,760,MPNNModel
760,0.5760015453316555,0.5268471935839006,0.4933215382284132,761,MPNNModel
761,0.5790790694243082,0.5268471935839006,0.5088814636830039,762,MPNNModel
762,0.5974823286740103,0.5268471935839006,0.47866069474096956,763,MPNNModel
763,0.581512057796283,0.5268471935839006,0.48608006294724976,764,MPNNModel
764,0.5697934280129485,0.5268471935839006,0.4940215726864749,765,MPNNModel
765,0.5861010925405644,0.5268471935839006,0.48264832677218716,766,MPNNModel
766,0.5783502084160845,0.5268471935839006,0.48202521016298255,767,MPNNModel
767,0.575311420189696,0.5268471935839006,0.48725463802297714,768,MPNNModel
768,0.5608424453717652,0.5268471935839006,0.4882851502504842,769,MPNNModel
769,0.5968698048700825,0.5268471935839006,0.48135528243674436,770,MPNNModel
770,0.5672425261051842,0.5268471935839006,0.47216437033978587,771,MPNNModel
771,0.584057959941981,0.5268471935839006,0.4811675641043433,772,MPNNModel
772,0.5765925721193147,0.5268471935839006,0.49497658183128374,773,MPNNModel
773,0.5797006200555941,0.5268471935839006,0.4844775856128467,774,MPNNModel
774,0.5940304485575845,0.5268471935839006,0.4888885289504023,775,MPNNModel
775,0.6033388616923491,0.5268471935839006,0.4983838576401396,776,MPNNModel
776,0.5552671690854091,0.5268471935839006,0.4772400356131821,777,MPNNModel
777,0.5790387394586044,0.5268471935839006,0.48026691208332045,778,MPNNModel
778,0.5772899604252288,0.5268471935839006,0.486859070072914,779,MPNNModel
779,0.5717275291187016,0.5268471935839006,0.4805789387651852,780,MPNNModel
780,0.566975257037432,0.5268471935839006,0.4796830213495663,781,MPNNModel
781,0.576684572942975,0.5268471935839006,0.48888196348409935,782,MPNNModel
782,0.5925164292150906,0.5268471935839006,0.4916060119500301,783,MPNNModel
783,0.5612396796795452,0.5268471935839006,0.4884909301482398,784,MPNNModel
784,0.5772660947668855,0.5268471935839006,0.5039164625805587,785,MPNNModel
785,0.5572840309250394,0.5268471935839006,0.4809812169356886,786,MPNNModel
786,0.5667494378314352,0.5268471935839006,0.4941366323696569,787,MPNNModel
787,0.5711177529420282,0.5268471935839006,0.5069988635666852,788,MPNNModel
788,0.5748582904259,0.5268471935839006,0.4885742585427068,789,MPNNModel
789,0.5670477190141598,0.5268471935839006,0.49823748268957796,790,MPNNModel
790,0.5559700096581827,0.5268471935839006,0.482652225884898,791,MPNNModel
791,0.5811323345488911,0.5268471935839006,0.49887870153036024,792,MPNNModel
792,0.562594800848585,0.5268471935839006,0.4801332583568366,793,MPNNModel
793,0.5660052857133868,0.5268471935839006,0.48374205589147623,794,MPNNModel
794,0.5659335194615425,0.5268471935839006,0.49704881823562047,795,MPNNModel
795,0.5607313418949484,0.5268471935839006,0.4781611971373628,796,MPNNModel
796,0.5582282315769611,0.5268471935839006,0.48385731380414493,797,MPNNModel
797,0.5551633954782506,0.5268471935839006,0.4824877422798443,798,MPNNModel
798,0.586725329165586,0.5268471935839006,0.4834106930811417,799,MPNNModel
799,0.6201774954296857,0.5268471935839006,0.5056350051329054,800,MPNNModel
800,0.5779259964633074,0.5268471935839006,0.48402947040614236,801,MPNNModel
801,0.5765163741854012,0.5268471935839006,0.49657515858488127,802,MPNNModel
802,0.5647716668098012,0.5268471935839006,0.4929999005544949,803,MPNNModel
803,0.5940482352294358,0.5268471935839006,0.4916426875614768,804,MPNNModel
804,0.5875457956965662,0.5268471935839006,0.48265876764147153,805,MPNNModel
805,0.5731244477224358,0.5268471935839006,0.48291856696453,806,MPNNModel
806,0.566455318504667,0.5268471935839006,0.4849592915970116,807,MPNNModel
807,0.5793030994647563,0.5268471935839006,0.4865185226419289,808,MPNNModel
808,0.5885006633439047,0.5268471935839006,0.4892992179455428,809,MPNNModel
809,0.5734132487068544,0.5268471935839006,0.47108995448339164,810,MPNNModel
810,0.5809582231018785,0.5268471935839006,0.48699815174922567,811,MPNNModel
811,0.580719626283141,0.5268471935839006,0.4796262072224922,812,MPNNModel
812,0.5763261813139053,0.5268471935839006,0.4825653518949236,813,MPNNModel
813,0.5551780122628692,0.5268471935839006,0.4875416640063812,814,MPNNModel
814,0.5747162257583761,0.5268471935839006,0.4815674076233004,815,MPNNModel
815,0.5768615768063484,0.5268471935839006,0.49531960825027505,816,MPNNModel
816,0.583512961690299,0.5268471935839006,0.4909879883081455,817,MPNNModel
817,0.5625722628552245,0.5268471935839006,0.48170626596570604,818,MPNNModel
818,0.5940869215012651,0.5268471935839006,0.47641743069945885,819,MPNNModel
819,0.5622303537980883,0.5268471935839006,0.4769541994471268,820,MPNNModel
820,0.5686123329087506,0.5268471935839006,0.48982866978263623,821,MPNNModel
821,0.5651506105647647,0.5268471935839006,0.48494650504271974,822,MPNNModel
822,0.5738301152886232,0.5268471935839006,0.4959402299793483,823,MPNNModel
823,0.5657931360620737,0.5268471935839006,0.4785067104720717,824,MPNNModel
824,0.576818419164663,0.5268471935839006,0.5021307170024059,825,MPNNModel
825,0.5875644327961161,0.5268471935839006,0.49554939512989205,826,MPNNModel
826,0.5661606883582788,0.5268471935839006,0.47161214464697343,827,MPNNModel
827,0.5877907927276173,0.5268471935839006,0.48755155856092575,828,MPNNModel
828,0.5709988589046541,0.5268471935839006,0.4880707699603635,829,MPNNModel
829,0.5682372721407843,0.5268471935839006,0.4947157500706283,830,MPNNModel
830,0.5802774005799737,0.5268471935839006,0.49644686762482076,831,MPNNModel
831,0.5776598448014112,0.5268471935839006,0.4839526289716143,832,MPNNModel
832,0.563902716151046,0.5268471935839006,0.4843738509222792,833,MPNNModel
833,0.5597109316819239,0.5268471935839006,0.48346154032082395,834,MPNNModel
834,0.5799888425520332,0.5268471935839006,0.48073601887877937,835,MPNNModel
835,0.5874043573909151,0.5268471935839006,0.47603019569160904,836,MPNNModel
836,0.5858174257699469,0.5268471935839006,0.47775958739037583,837,MPNNModel
837,0.5704359381548357,0.5268471935839006,0.4749617329225164,838,MPNNModel
838,0.5723906435111258,0.5268471935839006,0.4741164784639927,839,MPNNModel
839,0.5689221998890549,0.5268471935839006,0.49093772298449956,840,MPNNModel
840,0.5679168847382605,0.5268471935839006,0.4868552146360205,841,MPNNModel
841,0.5696446181539299,0.5268471935839006,0.4855595177103733,842,MPNNModel
842,0.5636879757171445,0.5268471935839006,0.4789840535724104,843,MPNNModel
843,0.5733926374235154,0.5268471935839006,0.49140205513227164,844,MPNNModel
844,0.5612396231064429,0.5268471935839006,0.4834976306029141,845,MPNNModel
845,0.5697908966843691,0.5268471935839006,0.5004035303084721,846,MPNNModel
846,0.5760319037632136,0.5268471935839006,0.5068150297027504,847,MPNNModel
847,0.5721510413500431,0.5268471935839006,0.4810701795105864,848,MPNNModel
848,0.5641321087736519,0.5268471935839006,0.4894192975216311,849,MPNNModel
849,0.5727864774675133,0.5268471935839006,0.49391698239031684,850,MPNNModel
850,0.5735680536247697,0.5268471935839006,0.4862395069869281,851,MPNNModel
851,0.5740602086635774,0.5268471935839006,0.4813246590823963,852,MPNNModel
852,0.5890273353421204,0.5268471935839006,0.49765077849914285,853,MPNNModel
853,0.5990101244024635,0.5268471935839006,0.4824963863847291,854,MPNNModel
854,0.5711796082952844,0.5268471935839006,0.4773111061142583,855,MPNNModel
855,0.5796904074055496,0.5268471935839006,0.48087922289160084,856,MPNNModel
856,0.5478892461362184,0.5268471935839006,0.4918831724471647,857,MPNNModel
857,0.5679726071680464,0.5268471935839006,0.4867702928816744,858,MPNNModel
858,0.5756316842333887,0.5268471935839006,0.48216022411590725,859,MPNNModel
859,0.5972461729107301,0.5268471935839006,0.48317072114774157,860,MPNNModel
860,0.5620147543549632,0.5268471935839006,0.48992176236483853,861,MPNNModel
861,0.6000567764265055,0.5268471935839006,0.4902069744805397,862,MPNNModel
862,0.5703924556626582,0.5268471935839006,0.49051063838116643,863,MPNNModel
863,0.5675951655235661,0.5268471935839006,0.4920890167208728,864,MPNNModel
864,0.5685401469389045,0.5268471935839006,0.4874024992726119,865,MPNNModel
865,0.5724871561173634,0.5268471935839006,0.48568867649791275,866,MPNNModel
866,0.5876468858802099,0.5268471935839006,0.47319872739720226,867,MPNNModel
867,0.5700891305816209,0.5268471935839006,0.4983090386528687,868,MPNNModel
868,0.5758613172469593,0.5268471935839006,0.47283192723989487,869,MPNNModel
869,0.5743981231833084,0.5268471935839006,0.4883936632589754,870,MPNNModel
870,0.5592102323441196,0.5268471935839006,0.4799472017241229,871,MPNNModel
871,0.5860858858808524,0.5268471935839006,0.48231622448255274,872,MPNNModel
872,0.5724794522287947,0.5268471935839006,0.488693576838289,873,MPNNModel
873,0.5695081729258883,0.5268471935839006,0.49395496295443897,874,MPNNModel
874,0.5732783242539948,0.5268471935839006,0.4864702873262279,875,MPNNModel
875,0.569356653004381,0.5268471935839006,0.48045885849175196,876,MPNNModel
876,0.5689496014227782,0.5268471935839006,0.48041726013856567,877,MPNNModel
877,0.5777758007139189,0.5268471935839006,0.5016987813370568,878,MPNNModel
878,0.5559342150730726,0.5268471935839006,0.4861328065982593,879,MPNNModel
879,0.5768648075033111,0.5268471935839006,0.4936313388749884,880,MPNNModel
880,0.5522891604124587,0.5268471935839006,0.48043046491633495,881,MPNNModel
881,0.5681625172964224,0.5268471935839006,0.4833985150154001,882,MPNNModel
882,0.5787413136345424,0.5268471935839006,0.47630921406258503,883,MPNNModel
883,0.5556244767450303,0.5322405219041675,0.4678482562303543,884,MPNNModel
884,0.5888050828494462,0.5322405219041675,0.4967061922761607,885,MPNNModel
885,0.5682695257477315,0.5322405219041675,0.48360116765123284,886,MPNNModel
886,0.5845032228035415,0.5322405219041675,0.4935842112367376,887,MPNNModel
887,0.5704792210736032,0.5322405219041675,0.48187293589408764,888,MPNNModel
888,0.5758510931768495,0.5322405219041675,0.47706009289754436,889,MPNNModel
889,0.5763293175811434,0.5322405219041675,0.4846676601271324,890,MPNNModel
890,0.5666753070023252,0.5322405219041675,0.47281221516907507,891,MPNNModel
891,0.5649395290426198,0.5322405219041675,0.48314344435196205,892,MPNNModel
892,0.5495873708433873,0.5322405219041675,0.48571680838544967,893,MPNNModel
893,0.6190728498068189,0.5322405219041675,0.4824366499784545,894,MPNNModel
894,0.5686643679142751,0.5322405219041675,0.482257083829107,895,MPNNModel
895,0.6144459445157184,0.5322405219041675,0.5046568693492213,896,MPNNModel
896,0.5871473814879637,0.5322405219041675,0.4984766559060571,897,MPNNModel
897,0.5682393088430764,0.5322405219041675,0.479481758155259,898,MPNNModel
898,0.6027938115372701,0.5322405219041675,0.4825553891106779,899,MPNNModel
899,0.5707249986279954,0.5322405219041675,0.48575237096090035,900,MPNNModel
900,0.5905828911477479,0.5322405219041675,0.49516831628354313,901,MPNNModel
901,0.5750977385479058,0.5322405219041675,0.4942081881127334,902,MPNNModel
902,0.5738322481294131,0.5322405219041675,0.48193838814356055,903,MPNNModel
903,0.5638672488972091,0.5322405219041675,0.5044674803250528,904,MPNNModel
904,0.5696985118810156,0.5322405219041675,0.4970086764525897,905,MPNNModel
905,0.5647771207148233,0.5322405219041675,0.4883978318037658,906,MPNNModel
906,0.594927075067001,0.5322405219041675,0.4873170157151269,907,MPNNModel
907,0.5875739702877512,0.5322405219041675,0.47517546361743523,908,MPNNModel
908,0.5754860177544353,0.5322405219041675,0.4939685262409337,909,MPNNModel
909,0.5781758342557864,0.5322405219041675,0.49840745381240187,910,MPNNModel
910,0.5610073016560148,0.5322405219041675,0.48981705073065357,911,MPNNModel
911,0.575819666950346,0.5322405219041675,0.4752723888810632,912,MPNNModel
912,0.5835109021902424,0.5322405219041675,0.4862618057672026,913,MPNNModel
913,0.5733801556403669,0.5322405219041675,0.4934433777564265,914,MPNNModel
914,0.5634213534271033,0.5322405219041675,0.4795173151886522,915,MPNNModel
915,0.5809048786017966,0.5322405219041675,0.4966158865047206,916,MPNNModel
916,0.5741634387678868,0.5322405219041675,0.4796426408910399,917,MPNNModel
917,0.5632476435323741,0.5322405219041675,0.4803364375248331,918,MPNNModel
918,0.5634484551111455,0.5322405219041675,0.4797806060079283,919,MPNNModel
919,0.5629029881142643,0.5322405219041675,0.49885001855677574,920,MPNNModel
920,0.565906662616924,0.5322405219041675,0.4768573337147389,921,MPNNModel
921,0.575418573898494,0.5322405219041675,0.4884194118415781,922,MPNNModel
922,0.5794088328135106,0.5322405219041675,0.49074817925985226,923,MPNNModel
923,0.5718548604566854,0.5322405219041675,0.4809881105211568,924,MPNNModel
924,0.5636035948874092,0.5322405219041675,0.4839332934303824,925,MPNNModel
925,0.593049443510919,0.5322405219041675,0.47496717276391137,926,MPNNModel
926,0.5822449604861639,0.5322405219041675,0.48151520232261696,927,MPNNModel
927,0.5685982395477194,0.5322405219041675,0.48756860343399894,928,MPNNModel
928,0.5663133475136897,0.5322405219041675,0.48207764591783137,929,MPNNModel
929,0.5754613110737069,0.5322405219041675,0.48053296104880977,930,MPNNModel
930,0.5742295705449278,0.5322405219041675,0.49362388319276235,931,MPNNModel
931,0.5770948981997752,0.5322405219041675,0.47547229544576164,932,MPNNModel
932,0.5728039528931549,0.5322405219041675,0.49244810717886894,933,MPNNModel
933,0.5930602648043177,0.5322405219041675,0.4994723374400233,934,MPNNModel
934,0.571230327044123,0.5322405219041675,0.4819352784253694,935,MPNNModel
935,0.5882327126733614,0.5322405219041675,0.48551081946771135,936,MPNNModel
936,0.5670468433361598,0.5322405219041675,0.48753906525854995,937,MPNNModel
937,0.5683025157794326,0.5322405219041675,0.4914157245620131,938,MPNNModel
938,0.5848757196020654,0.5322405219041675,0.49096504595185736,939,MPNNModel
939,0.5773584912727463,0.5322405219041675,0.49341862267020886,940,MPNNModel
940,0.5719809239061499,0.5322405219041675,0.4799501550535263,941,MPNNModel
941,0.5844125609331232,0.5322405219041675,0.49524856700098574,942,MPNNModel
942,0.5854799393190816,0.5322405219041675,0.49542960887912457,943,MPNNModel
943,0.5770167338021501,0.5322405219041675,0.4763154402155007,944,MPNNModel
944,0.584615057635281,0.5322405219041675,0.4841063397711721,945,MPNNModel
945,0.6142561073420718,0.5322405219041675,0.4933605654339485,946,MPNNModel
946,0.5750688155705548,0.5322405219041675,0.47529443133200333,947,MPNNModel
947,0.5810459657616194,0.5322405219041675,0.478594219780027,948,MPNNModel
948,0.5766758583409586,0.5322405219041675,0.4844670875979762,949,MPNNModel
949,0.5849005770408379,0.5322405219041675,0.501134445918311,950,MPNNModel
950,0.5579961241138921,0.5322405219041675,0.4786481422743774,951,MPNNModel
951,0.5803100890155615,0.5322405219041675,0.4739789901475601,952,MPNNModel
952,0.5847406356401719,0.5322405219041675,0.48547808319477026,953,MPNNModel
953,0.5627294701293565,0.5322405219041675,0.47468152308258516,954,MPNNModel
954,0.5647531864937213,0.5322405219041675,0.486494913623838,955,MPNNModel
955,0.5692767992608638,0.5322405219041675,0.4944286821364182,956,MPNNModel
956,0.5789222691582948,0.5322405219041675,0.47551856509276796,957,MPNNModel
957,0.5728021501609828,0.5322405219041675,0.4761645272741177,958,MPNNModel
958,0.5863424430119824,0.5322405219041675,0.48476856829497617,959,MPNNModel
959,0.5771008184727777,0.5322405219041675,0.4843070773141725,960,MPNNModel
960,0.5819930595736653,0.5322405219041675,0.47597845430885044,961,MPNNModel
961,0.571234464739533,0.5322405219041675,0.49215959687831956,962,MPNNModel
962,0.573385701649676,0.5322405219041675,0.47616137479766835,963,MPNNModel
963,0.5771193170816746,0.5322405219041675,0.47233213142955244,964,MPNNModel
964,0.5631672276448458,0.5322405219041675,0.47734558178579867,965,MPNNModel
965,0.572990813600454,0.5322405219041675,0.4806044636468582,966,MPNNModel
966,0.5607127246510604,0.5322405219041675,0.48583521745328245,967,MPNNModel
967,0.5798480297656369,0.5322405219041675,0.4882582595269081,968,MPNNModel
968,0.5524865272127608,0.5322405219041675,0.48234714707130283,969,MPNNModel
969,0.5671226546448416,0.5322405219041675,0.48733159158323786,970,MPNNModel
970,0.5870386285298697,0.5322405219041675,0.5086790003946849,971,MPNNModel
971,0.5623135487627708,0.5322405219041675,0.48879646051106196,972,MPNNModel
972,0.5641710556075012,0.5322405219041675,0.47720437005088834,973,MPNNModel
973,0.5545639058054577,0.5322405219041675,0.4829463916532512,974,MPNNModel
974,0.5856719984486287,0.5322405219041675,0.494095999178628,975,MPNNModel
975,0.5783118449847029,0.5322405219041675,0.4919411094464692,976,MPNNModel
976,0.5713057306079837,0.5322405219041675,0.47779164118279377,977,MPNNModel
977,0.5667351051032911,0.5322405219041675,0.48412204038333423,978,MPNNModel
978,0.5706800204697161,0.5322405219041675,0.48245695747178174,979,MPNNModel
979,0.5731869280959659,0.5322405219041675,0.4870723654410522,980,MPNNModel
980,0.5806848967885956,0.5322405219041675,0.5062287880722525,981,MPNNModel
981,0.5603369186037883,0.5322405219041675,0.4792295179049957,982,MPNNModel
982,0.5845181521241877,0.5322405219041675,0.4817423633680555,983,MPNNModel
983,0.5622698115504121,0.5322405219041675,0.47788959271802106,984,MPNNModel
984,0.6090553938127998,0.5322405219041675,0.4903446181947962,985,MPNNModel
985,0.5834622095686022,0.5322405219041675,0.47896468863258224,986,MPNNModel
986,0.5866224781358963,0.5322405219041675,0.4980683915427166,987,MPNNModel
987,0.5915669484446162,0.5322405219041675,0.4795591794504908,988,MPNNModel
988,0.5862104712391593,0.5322405219041675,0.4988297218539445,989,MPNNModel
989,0.5656390024095779,0.5322405219041675,0.4808503137213256,990,MPNNModel
990,0.5629365608941095,0.5322405219041675,0.48690890304267115,991,MPNNModel
991,0.5605189501015313,0.5322405219041675,0.4868169882761434,992,MPNNModel
992,0.5784218420897251,0.5322405219041675,0.48389566355738145,993,MPNNModel
993,0.5783068309075421,0.5322405219041675,0.4980573902282809,994,MPNNModel
994,0.5571033799041977,0.5322405219041675,0.4757310922436526,995,MPNNModel
995,0.5767196626050121,0.5322405219041675,0.4772582894255375,996,MPNNModel
996,0.5829094242868859,0.5322405219041675,0.4707694546195674,997,MPNNModel
997,0.5850789704286662,0.5322405219041675,0.47987531786188115,998,MPNNModel
998,0.5858531537929279,0.5322405219041675,0.4817309577770421,999,MPNNModel
999,0.5886650195036656,0.5322405219041675,0.4927677839554002,1000,MPNNModel
